{
    "foo": 14.524004428895942,
    "bar": 14.307415211428998,
    "step": 14
}