{
  "foo": 4.943879657945992,
  "bar": 4.681573280770316,
  "step": 4
}