step	bar
0	0.7230530616472922
1	1.6225706968923284
2	2.867845285520645
3	3.3075003929184725
4	4.681573280770316
