step	bar
0	0.2786234527800261
1	1.212199407905282
2	2.343089853643913
3	3.315807480813575
4	4.3892846861166275
5	5.475383881646436
6	6.571282839330932
7	7.997882252201181
8	8.61364869194278
9	9.005114652561742
10	10.17712355388122
11	11.322782603633241
12	12.834354359537194
13	13.179688780081998
14	14.307415211428998
