step	foo
0	0.6161247647855018
1	1.8259481002053477
2	2.2781032629013636
3	3.504003184611479
4	4.943879657945992
