step	foo
0	0.922957028136824
1	1.180454772512406
2	2.381580121258092
3	3.3189901152087686
4	4.781534438781729
5	5.6472133707021905
6	6.656218022490174
7	7.075647461801197
8	8.343734655115554
9	9.761520992721804
10	10.434731620429941
11	11.835509997222584
12	12.905784338570523
13	13.45326223616506
14	14.524004428895942
